,Lin_lin,Lin_relu,relu_relu,Lin_sigmoid,Sig_sig,Lin_swish,Swish_swish
10,887.51544,50431.105,50435.26,32916.062,7462.7314,2097.1848,906.68207
20,962.2117,,,,3458.8438,862.27075,915.5067
30,1345.9303,50430.543,50431.055,2804.152,1004.057,807.3294,1082.2214
40,997.54315,,,2369.251,988.8707,1219.3297,952.9524
50,1088.2228,50431.01,50433.055,1228.0854,996.2664,876.46173,765.7967
60,,,,986.68024,,843.08124,1016.104
100,,,,979.34454,976.8579,1084.0779,